{
  "2. GET Lista Asortymentu Magazyn" : {
    "transaction" : "2. GET Lista Asortymentu Magazyn",
    "sampleCount" : 500,
    "errorCount" : 0,
    "errorPct" : 0.0,
    "meanResTime" : 877.608,
    "medianResTime" : 851.0,
    "minResTime" : 45.0,
    "maxResTime" : 2009.0,
    "pct1ResTime" : 1505.9,
    "pct2ResTime" : 1660.95,
    "pct3ResTime" : 1937.6600000000003,
    "throughput" : 13.188088518450137,
    "receivedKBytesPerSec" : 667.2240351264738,
    "sentKBytesPerSec" : 3.4515700419381217
  },
  "Total" : {
    "transaction" : "Total",
    "sampleCount" : 1500,
    "errorCount" : 0,
    "errorPct" : 0.0,
    "meanResTime" : 5361.742666666676,
    "medianResTime" : 1392.0,
    "minResTime" : 45.0,
    "maxResTime" : 36870.0,
    "pct1ResTime" : 19970.5,
    "pct2ResTime" : 36197.3,
    "pct3ResTime" : 36551.98,
    "throughput" : 38.57925464880019,
    "receivedKBytesPerSec" : 2545.1607348383527,
    "sentKBytesPerSec" : 14.98316779082328
  },
  "1A. GET Logowanie" : {
    "transaction" : "1A. GET Logowanie",
    "sampleCount" : 500,
    "errorCount" : 0,
    "errorPct" : 0.0,
    "meanResTime" : 13953.271999999995,
    "medianResTime" : 11505.0,
    "minResTime" : 562.0,
    "maxResTime" : 36870.0,
    "pct1ResTime" : 36347.3,
    "pct2ResTime" : 36512.95,
    "pct3ResTime" : 36645.9,
    "throughput" : 13.54719843936274,
    "receivedKBytesPerSec" : 112.67654751341172,
    "sentKBytesPerSec" : 2.2225872439579493
  },
  "1B. POST Logowanie" : {
    "transaction" : "1B. POST Logowanie",
    "sampleCount" : 500,
    "errorCount" : 0,
    "errorPct" : 0.0,
    "meanResTime" : 1254.3480000000002,
    "medianResTime" : 1345.5,
    "minResTime" : 144.0,
    "maxResTime" : 2370.0,
    "pct1ResTime" : 1913.7,
    "pct2ResTime" : 2060.95,
    "pct3ResTime" : 2279.96,
    "throughput" : 13.143022369424072,
    "receivedKBytesPerSec" : 1826.9658983748652,
    "sentKBytesPerSec" : 9.717160105012749
  }
}