{
  "2B. POST Dodaj Wydarzenie" : {
    "transaction" : "2B. POST Dodaj Wydarzenie",
    "sampleCount" : 250,
    "errorCount" : 0,
    "errorPct" : 0.0,
    "meanResTime" : 4614.700000000003,
    "medianResTime" : 4510.0,
    "minResTime" : 4199.0,
    "maxResTime" : 5639.0,
    "pct1ResTime" : 5087.0,
    "pct2ResTime" : 5264.3,
    "pct3ResTime" : 5541.010000000001,
    "throughput" : 24.777006937561943,
    "receivedKBytesPerSec" : 9007.50249705773,
    "sentKBytesPerSec" : 23.968076375123886
  },
  "2A. GET Formularz Wydarzenia" : {
    "transaction" : "2A. GET Formularz Wydarzenia",
    "sampleCount" : 250,
    "errorCount" : 0,
    "errorPct" : 0.0,
    "meanResTime" : 2924.960000000001,
    "medianResTime" : 2847.5,
    "minResTime" : 2377.0,
    "maxResTime" : 3606.0,
    "pct1ResTime" : 3286.8,
    "pct2ResTime" : 3427.3999999999996,
    "pct3ResTime" : 3592.4700000000003,
    "throughput" : 31.009675018605805,
    "receivedKBytesPerSec" : 9807.73625980681,
    "sentKBytesPerSec" : 8.479208012900026
  },
  "Total" : {
    "transaction" : "Total",
    "sampleCount" : 1500,
    "errorCount" : 0,
    "errorPct" : 0.0,
    "meanResTime" : 2735.3006666666647,
    "medianResTime" : 2611.5,
    "minResTime" : 638.0,
    "maxResTime" : 5639.0,
    "pct1ResTime" : 4415.0,
    "pct2ResTime" : 4749.55,
    "pct3ResTime" : 5209.82,
    "throughput" : 107.68899418479431,
    "receivedKBytesPerSec" : 21370.601016763587,
    "sentKBytesPerSec" : 55.8434740469524
  },
  "1A. GET Logowanie" : {
    "transaction" : "1A. GET Logowanie",
    "sampleCount" : 250,
    "errorCount" : 0,
    "errorPct" : 0.0,
    "meanResTime" : 1880.7080000000005,
    "medianResTime" : 1544.0,
    "minResTime" : 696.0,
    "maxResTime" : 3437.0,
    "pct1ResTime" : 3166.9,
    "pct2ResTime" : 3206.0499999999997,
    "pct3ResTime" : 3308.4300000000003,
    "throughput" : 71.22507122507123,
    "receivedKBytesPerSec" : 592.4053485576924,
    "sentKBytesPerSec" : 11.685363247863249
  },
  "1B. POST Logowanie" : {
    "transaction" : "1B. POST Logowanie",
    "sampleCount" : 250,
    "errorCount" : 0,
    "errorPct" : 0.0,
    "meanResTime" : 2376.8159999999993,
    "medianResTime" : 2522.0,
    "minResTime" : 638.0,
    "maxResTime" : 3514.0,
    "pct1ResTime" : 3064.5,
    "pct2ResTime" : 3115.9,
    "pct3ResTime" : 3451.590000000001,
    "throughput" : 41.138719763040974,
    "receivedKBytesPerSec" : 5718.346004916077,
    "sentKBytesPerSec" : 30.408584622346552
  },
  "2B. POST Dodaj Wydarzenie-1" : {
    "transaction" : "2B. POST Dodaj Wydarzenie-1",
    "sampleCount" : 250,
    "errorCount" : 0,
    "errorPct" : 0.0,
    "meanResTime" : 2328.944000000001,
    "medianResTime" : 2318.5,
    "minResTime" : 1803.0,
    "maxResTime" : 2984.0,
    "pct1ResTime" : 2663.9,
    "pct2ResTime" : 2827.9,
    "pct3ResTime" : 2951.4800000000005,
    "throughput" : 35.290796160361374,
    "receivedKBytesPerSec" : 12813.413562914668,
    "sentKBytesPerSec" : 9.994463756352344
  },
  "2B. POST Dodaj Wydarzenie-0" : {
    "transaction" : "2B. POST Dodaj Wydarzenie-0",
    "sampleCount" : 250,
    "errorCount" : 0,
    "errorPct" : 0.0,
    "meanResTime" : 2285.6759999999967,
    "medianResTime" : 2182.5,
    "minResTime" : 1666.0,
    "maxResTime" : 3368.0,
    "pct1ResTime" : 2915.0,
    "pct2ResTime" : 3001.15,
    "pct3ResTime" : 3259.4800000000005,
    "throughput" : 32.09654641160611,
    "receivedKBytesPerSec" : 14.825846145204777,
    "sentKBytesPerSec" : 21.958802076646553
  }
}