{
  "2C. POST Generuj PDF" : {
    "transaction" : "2C. POST Generuj PDF",
    "sampleCount" : 500,
    "errorCount" : 0,
    "errorPct" : 0.0,
    "meanResTime" : 1258.2440000000017,
    "medianResTime" : 1460.5,
    "minResTime" : 213.0,
    "maxResTime" : 2632.0,
    "pct1ResTime" : 1959.1000000000004,
    "pct2ResTime" : 2110.95,
    "pct3ResTime" : 2401.82,
    "throughput" : 3.815832652843177,
    "receivedKBytesPerSec" : 1291.883630042146,
    "sentKBytesPerSec" : 1.7704792757358836
  },
  "Total" : {
    "transaction" : "Total",
    "sampleCount" : 3000,
    "errorCount" : 62,
    "errorPct" : 2.0666666,
    "meanResTime" : 8430.512666666647,
    "medianResTime" : 1660.0,
    "minResTime" : 37.0,
    "maxResTime" : 136489.0,
    "pct1ResTime" : 19640.8,
    "pct2ResTime" : 68532.85,
    "pct3ResTime" : 136440.99,
    "throughput" : 21.718985289007296,
    "receivedKBytesPerSec" : 5148.013004129322,
    "sentKBytesPerSec" : 7.9537299642360715
  },
  "1A. GET Logowanie" : {
    "transaction" : "1A. GET Logowanie",
    "sampleCount" : 500,
    "errorCount" : 62,
    "errorPct" : 12.4,
    "meanResTime" : 42953.92400000002,
    "medianResTime" : 35843.5,
    "minResTime" : 541.0,
    "maxResTime" : 136489.0,
    "pct1ResTime" : 136412.6,
    "pct2ResTime" : 136454.0,
    "pct3ResTime" : 136480.98,
    "throughput" : 3.6606436875860253,
    "receivedKBytesPerSec" : 27.875344100506634,
    "sentKBytesPerSec" : 0.5261031349752541
  },
  "2B. GET Karta Faktury" : {
    "transaction" : "2B. GET Karta Faktury",
    "sampleCount" : 500,
    "errorCount" : 0,
    "errorPct" : 0.0,
    "meanResTime" : 1891.7500000000002,
    "medianResTime" : 1920.0,
    "minResTime" : 258.0,
    "maxResTime" : 5569.0,
    "pct1ResTime" : 3041.9000000000005,
    "pct2ResTime" : 3910.75,
    "pct3ResTime" : 5105.7300000000005,
    "throughput" : 3.7394920274029975,
    "receivedKBytesPerSec" : 1276.8702733405069,
    "sentKBytesPerSec" : 1.0229482692696024
  },
  "2A. GET Lista Faktur" : {
    "transaction" : "2A. GET Lista Faktur",
    "sampleCount" : 500,
    "errorCount" : 0,
    "errorPct" : 0.0,
    "meanResTime" : 2182.664,
    "medianResTime" : 2317.0,
    "minResTime" : 271.0,
    "maxResTime" : 7585.0,
    "pct1ResTime" : 3187.0000000000005,
    "pct2ResTime" : 3546.85,
    "pct3ResTime" : 6798.790000000001,
    "throughput" : 3.677389935719224,
    "receivedKBytesPerSec" : 1715.003888839857,
    "sentKBytesPerSec" : 0.9660330983481163
  },
  "1B. POST Logowanie" : {
    "transaction" : "1B. POST Logowanie",
    "sampleCount" : 500,
    "errorCount" : 0,
    "errorPct" : 0.0,
    "meanResTime" : 1582.8539999999998,
    "medianResTime" : 1643.5,
    "minResTime" : 91.0,
    "maxResTime" : 4872.0,
    "pct1ResTime" : 2613.000000000001,
    "pct2ResTime" : 2978.45,
    "pct3ResTime" : 4506.860000000001,
    "throughput" : 3.6643996247654784,
    "receivedKBytesPerSec" : 450.1318582674352,
    "sentKBytesPerSec" : 2.661313169669031
  },
  "2D. GET Pobierz PDF" : {
    "transaction" : "2D. GET Pobierz PDF",
    "sampleCount" : 500,
    "errorCount" : 0,
    "errorPct" : 0.0,
    "meanResTime" : 713.6400000000003,
    "medianResTime" : 593.0,
    "minResTime" : 37.0,
    "maxResTime" : 2428.0,
    "pct1ResTime" : 1464.7,
    "pct2ResTime" : 1547.95,
    "pct3ResTime" : 2102.700000000002,
    "throughput" : 3.864077219719159,
    "receivedKBytesPerSec" : 561.592107887934,
    "sentKBytesPerSec" : 1.2637645675711184
  }
}