{
  "Total" : {
    "transaction" : "Total",
    "sampleCount" : 1250,
    "errorCount" : 0,
    "errorPct" : 0.0,
    "meanResTime" : 1707.5535999999995,
    "medianResTime" : 706.5,
    "minResTime" : 22.0,
    "maxResTime" : 11895.0,
    "pct1ResTime" : 7382.6,
    "pct2ResTime" : 7598.0,
    "pct3ResTime" : 11399.96,
    "throughput" : 102.45901639344262,
    "receivedKBytesPerSec" : 3372.145235655738,
    "sentKBytesPerSec" : 39.881211577868854
  },
  "1A. GET Logowanie" : {
    "transaction" : "1A. GET Logowanie",
    "sampleCount" : 250,
    "errorCount" : 0,
    "errorPct" : 0.0,
    "meanResTime" : 5588.404,
    "medianResTime" : 7381.0,
    "minResTime" : 577.0,
    "maxResTime" : 11895.0,
    "pct1ResTime" : 11371.8,
    "pct2ResTime" : 11399.8,
    "pct3ResTime" : 11887.9,
    "throughput" : 20.987239758226995,
    "receivedKBytesPerSec" : 174.5580874328408,
    "sentKBytesPerSec" : 3.4432190228341164
  },
  "1B. POST Logowanie" : {
    "transaction" : "1B. POST Logowanie",
    "sampleCount" : 250,
    "errorCount" : 0,
    "errorPct" : 0.0,
    "meanResTime" : 1259.1279999999992,
    "medianResTime" : 1205.0,
    "minResTime" : 187.0,
    "maxResTime" : 2738.0,
    "pct1ResTime" : 2344.8,
    "pct2ResTime" : 2409.0499999999997,
    "pct3ResTime" : 2652.5800000000004,
    "throughput" : 21.69950525128027,
    "receivedKBytesPerSec" : 3016.5616388008852,
    "sentKBytesPerSec" : 16.039663983161184
  },
  "2. GET Wyloguj" : {
    "transaction" : "2. GET Wyloguj",
    "sampleCount" : 250,
    "errorCount" : 0,
    "errorPct" : 0.0,
    "meanResTime" : 845.1800000000002,
    "medianResTime" : 713.5,
    "minResTime" : 48.0,
    "maxResTime" : 2644.0,
    "pct1ResTime" : 1639.5,
    "pct2ResTime" : 2145.2999999999993,
    "pct3ResTime" : 2635.37,
    "throughput" : 23.30133283623823,
    "receivedKBytesPerSec" : 200.71904636382703,
    "sentKBytesPerSec" : 12.151280990772673
  },
  "2. GET Wyloguj-1" : {
    "transaction" : "2. GET Wyloguj-1",
    "sampleCount" : 250,
    "errorCount" : 0,
    "errorPct" : 0.0,
    "meanResTime" : 171.15200000000004,
    "medianResTime" : 171.5,
    "minResTime" : 23.0,
    "maxResTime" : 512.0,
    "pct1ResTime" : 277.9,
    "pct2ResTime" : 305.5999999999999,
    "pct3ResTime" : 452.89000000000055,
    "throughput" : 29.13073875553484,
    "receivedKBytesPerSec" : 238.47367218451407,
    "sentKBytesPerSec" : 7.254236701817757
  },
  "2. GET Wyloguj-0" : {
    "transaction" : "2. GET Wyloguj-0",
    "sampleCount" : 250,
    "errorCount" : 0,
    "errorPct" : 0.0,
    "meanResTime" : 673.9040000000001,
    "medianResTime" : 529.0,
    "minResTime" : 22.0,
    "maxResTime" : 2347.0,
    "pct1ResTime" : 1395.4,
    "pct2ResTime" : 1846.349999999999,
    "pct3ResTime" : 2300.4000000000005,
    "throughput" : 23.36885399140026,
    "receivedKBytesPerSec" : 9.995662156477845,
    "sentKBytesPerSec" : 6.367099866797532
  }
}