{
  "Total" : {
    "transaction" : "Total",
    "sampleCount" : 2312,
    "errorCount" : 277,
    "errorPct" : 11.980968,
    "meanResTime" : 18342.291955017296,
    "medianResTime" : 1405.5,
    "minResTime" : 28.0,
    "maxResTime" : 135932.0,
    "pct1ResTime" : 135770.0,
    "pct2ResTime" : 135825.35,
    "pct3ResTime" : 135919.87,
    "throughput" : 16.006424724110715,
    "receivedKBytesPerSec" : 1311.9710449847516,
    "sentKBytesPerSec" : 7.175160488292878
  },
  "1A. GET Logowanie" : {
    "transaction" : "1A. GET Logowanie",
    "sampleCount" : 500,
    "errorCount" : 277,
    "errorPct" : 55.4,
    "meanResTime" : 79285.79199999997,
    "medianResTime" : 135756.0,
    "minResTime" : 610.0,
    "maxResTime" : 135932.0,
    "pct1ResTime" : 135908.9,
    "pct2ResTime" : 135919.0,
    "pct3ResTime" : 135930.0,
    "throughput" : 3.6776333693741403,
    "receivedKBytesPerSec" : 19.083490954401025,
    "sentKBytesPerSec" : 0.26909932919967344
  },
  "1B. POST Logowanie" : {
    "transaction" : "1B. POST Logowanie",
    "sampleCount" : 500,
    "errorCount" : 0,
    "errorPct" : 0.0,
    "meanResTime" : 2549.140000000002,
    "medianResTime" : 1723.0,
    "minResTime" : 84.0,
    "maxResTime" : 8433.0,
    "pct1ResTime" : 7462.3,
    "pct2ResTime" : 7619.5,
    "pct3ResTime" : 7737.96,
    "throughput" : 3.4799070168845088,
    "receivedKBytesPerSec" : 221.7232475079516,
    "sentKBytesPerSec" : 2.3695040306023025
  },
  "2B. POST Wyślij Wniosek Urlopowy-0" : {
    "transaction" : "2B. POST Wyślij Wniosek Urlopowy-0",
    "sampleCount" : 156,
    "errorCount" : 0,
    "errorPct" : 0.0,
    "meanResTime" : 1412.6474358974363,
    "medianResTime" : 1541.0,
    "minResTime" : 37.0,
    "maxResTime" : 2745.0,
    "pct1ResTime" : 2183.1,
    "pct2ResTime" : 2260.05,
    "pct3ResTime" : 2686.8600000000006,
    "throughput" : 2.150063399305364,
    "receivedKBytesPerSec" : 0.9490514223496335,
    "sentKBytesPerSec" : 1.4524341543083963
  },
  "2A. GET Formularz Urlopu" : {
    "transaction" : "2A. GET Formularz Urlopu",
    "sampleCount" : 500,
    "errorCount" : 0,
    "errorPct" : 0.0,
    "meanResTime" : 1202.2380000000005,
    "medianResTime" : 580.0,
    "minResTime" : 28.0,
    "maxResTime" : 3491.0,
    "pct1ResTime" : 2499.7000000000003,
    "pct2ResTime" : 2716.8999999999996,
    "pct3ResTime" : 3250.6600000000003,
    "throughput" : 3.483737911429447,
    "receivedKBytesPerSec" : 741.593720007194,
    "sentKBytesPerSec" : 0.9389762339399682
  },
  "2B. POST Wyślij Wniosek Urlopowy" : {
    "transaction" : "2B. POST Wyślij Wniosek Urlopowy",
    "sampleCount" : 500,
    "errorCount" : 0,
    "errorPct" : 0.0,
    "meanResTime" : 1134.8960000000006,
    "medianResTime" : 493.5,
    "minResTime" : 28.0,
    "maxResTime" : 4473.0,
    "pct1ResTime" : 2778.100000000001,
    "pct2ResTime" : 3161.999999999999,
    "pct3ResTime" : 3558.63,
    "throughput" : 3.5012289313549054,
    "receivedKBytesPerSec" : 287.98170071757687,
    "sentKBytesPerSec" : 2.648501889788316
  },
  "2B. POST Wyślij Wniosek Urlopowy-1" : {
    "transaction" : "2B. POST Wyślij Wniosek Urlopowy-1",
    "sampleCount" : 156,
    "errorCount" : 0,
    "errorPct" : 0.0,
    "meanResTime" : 647.2628205128208,
    "medianResTime" : 527.0,
    "minResTime" : 47.0,
    "maxResTime" : 2371.0,
    "pct1ResTime" : 1288.0000000000002,
    "pct2ResTime" : 1714.0000000000002,
    "pct3ResTime" : 2325.4000000000005,
    "throughput" : 2.204573075944716,
    "receivedKBytesPerSec" : 104.86403255808202,
    "sentKBytesPerSec" : 0.5791310131143834
  }
}