{
  "Total" : {
    "transaction" : "Total",
    "sampleCount" : 1278,
    "errorCount" : 0,
    "errorPct" : 0.0,
    "meanResTime" : 2994.089201877936,
    "medianResTime" : 1722.5,
    "minResTime" : 38.0,
    "maxResTime" : 19901.0,
    "pct1ResTime" : 11337.400000000001,
    "pct2ResTime" : 11473.0,
    "pct3ResTime" : 19738.0,
    "throughput" : 56.68411248114965,
    "receivedKBytesPerSec" : 9631.827491226271,
    "sentKBytesPerSec" : 27.89392727645702
  },
  "1A. GET Logowanie" : {
    "transaction" : "1A. GET Logowanie",
    "sampleCount" : 250,
    "errorCount" : 0,
    "errorPct" : 0.0,
    "meanResTime" : 8612.451999999997,
    "medianResTime" : 11341.5,
    "minResTime" : 412.0,
    "maxResTime" : 19901.0,
    "pct1ResTime" : 19721.7,
    "pct2ResTime" : 19738.0,
    "pct3ResTime" : 19816.420000000002,
    "throughput" : 12.56092046425162,
    "receivedKBytesPerSec" : 104.47314985492137,
    "sentKBytesPerSec" : 2.0607760136662816
  },
  "1B. POST Logowanie" : {
    "transaction" : "1B. POST Logowanie",
    "sampleCount" : 250,
    "errorCount" : 0,
    "errorPct" : 0.0,
    "meanResTime" : 1168.5120000000009,
    "medianResTime" : 1161.0,
    "minResTime" : 133.0,
    "maxResTime" : 3014.0,
    "pct1ResTime" : 1969.8,
    "pct2ResTime" : 2233.2,
    "pct3ResTime" : 2981.21,
    "throughput" : 12.432862542271732,
    "receivedKBytesPerSec" : 1643.0512536987765,
    "sentKBytesPerSec" : 9.190022316988264
  },
  "2B. POST Wyślij Wniosek Urlopowy-0" : {
    "transaction" : "2B. POST Wyślij Wniosek Urlopowy-0",
    "sampleCount" : 139,
    "errorCount" : 0,
    "errorPct" : 0.0,
    "meanResTime" : 1498.424460431655,
    "medianResTime" : 1616.0,
    "minResTime" : 38.0,
    "maxResTime" : 2837.0,
    "pct1ResTime" : 2235.0,
    "pct2ResTime" : 2383.0,
    "pct3ResTime" : 2812.5999999999995,
    "throughput" : 7.2140336308905955,
    "receivedKBytesPerSec" : 3.184319532385302,
    "sentKBytesPerSec" : 4.870040351878763
  },
  "2A. GET Formularz Urlopu" : {
    "transaction" : "2A. GET Formularz Urlopu",
    "sampleCount" : 250,
    "errorCount" : 0,
    "errorPct" : 0.0,
    "meanResTime" : 2013.5280000000005,
    "medianResTime" : 2142.5,
    "minResTime" : 323.0,
    "maxResTime" : 3354.0,
    "pct1ResTime" : 2866.3,
    "pct2ResTime" : 3021.9,
    "pct3ResTime" : 3264.660000000001,
    "throughput" : 11.884388667046967,
    "receivedKBytesPerSec" : 5550.730973465131,
    "sentKBytesPerSec" : 3.2032141329150026
  },
  "2B. POST Wyślij Wniosek Urlopowy" : {
    "transaction" : "2B. POST Wyślij Wniosek Urlopowy",
    "sampleCount" : 250,
    "errorCount" : 0,
    "errorPct" : 0.0,
    "meanResTime" : 2133.267999999998,
    "medianResTime" : 2128.5,
    "minResTime" : 97.0,
    "maxResTime" : 4583.0,
    "pct1ResTime" : 3491.0,
    "pct2ResTime" : 3764.7499999999995,
    "pct3ResTime" : 4342.600000000002,
    "throughput" : 12.781839562349814,
    "receivedKBytesPerSec" : 2996.1886651445625,
    "sentKBytesPerSec" : 10.499232690193772
  },
  "2B. POST Wyślij Wniosek Urlopowy-1" : {
    "transaction" : "2B. POST Wyślij Wniosek Urlopowy-1",
    "sampleCount" : 139,
    "errorCount" : 0,
    "errorPct" : 0.0,
    "meanResTime" : 980.035971223022,
    "medianResTime" : 1063.0,
    "minResTime" : 52.0,
    "maxResTime" : 2845.0,
    "pct1ResTime" : 1657.0,
    "pct2ResTime" : 1986.0,
    "pct3ResTime" : 2741.3999999999987,
    "throughput" : 8.193339227821987,
    "receivedKBytesPerSec" : 389.7667302166225,
    "sentKBytesPerSec" : 2.1523518088712055
  }
}