{
  "Total" : {
    "transaction" : "Total",
    "sampleCount" : 1500,
    "errorCount" : 0,
    "errorPct" : 0.0,
    "meanResTime" : 6202.579333333336,
    "medianResTime" : 1682.0,
    "minResTime" : 160.0,
    "maxResTime" : 68556.0,
    "pct1ResTime" : 20459.0,
    "pct2ResTime" : 36513.9,
    "pct3ResTime" : 36942.75,
    "throughput" : 21.677553615815942,
    "receivedKBytesPerSec" : 1995.0197372996633,
    "sentKBytesPerSec" : 8.376652687655357
  },
  "1A. GET Logowanie" : {
    "transaction" : "1A. GET Logowanie",
    "sampleCount" : 500,
    "errorCount" : 0,
    "errorPct" : 0.0,
    "meanResTime" : 15904.687999999996,
    "medianResTime" : 11450.5,
    "minResTime" : 1012.0,
    "maxResTime" : 68556.0,
    "pct1ResTime" : 36627.7,
    "pct2ResTime" : 36878.35,
    "pct3ResTime" : 68198.56000000029,
    "throughput" : 7.288311006807283,
    "receivedKBytesPerSec" : 60.61941647048963,
    "sentKBytesPerSec" : 1.19573852455432
  },
  "2. GET Lista Kontrahentów" : {
    "transaction" : "2. GET Lista Kontrahentów",
    "sampleCount" : 500,
    "errorCount" : 0,
    "errorPct" : 0.0,
    "meanResTime" : 1505.7060000000001,
    "medianResTime" : 1597.0,
    "minResTime" : 183.0,
    "maxResTime" : 5410.0,
    "pct1ResTime" : 2135.6000000000004,
    "pct2ResTime" : 2295.7999999999997,
    "pct3ResTime" : 2613.99,
    "throughput" : 7.356944219648926,
    "receivedKBytesPerSec" : 947.360302549733,
    "sentKBytesPerSec" : 1.8823431499492373
  },
  "1B. POST Logowanie" : {
    "transaction" : "1B. POST Logowanie",
    "sampleCount" : 500,
    "errorCount" : 0,
    "errorPct" : 0.0,
    "meanResTime" : 1197.3440000000005,
    "medianResTime" : 1188.5,
    "minResTime" : 160.0,
    "maxResTime" : 2865.0,
    "pct1ResTime" : 2016.9000000000003,
    "pct2ResTime" : 2209.85,
    "pct3ResTime" : 2462.78,
    "throughput" : 7.361818663682676,
    "receivedKBytesPerSec" : 1023.340847372935,
    "sentKBytesPerSec" : 5.442885860522983
  }
}