{
  "Total" : {
    "transaction" : "Total",
    "sampleCount" : 15,
    "errorCount" : 0,
    "errorPct" : 0.0,
    "meanResTime" : 293.26666666666665,
    "medianResTime" : 305.0,
    "minResTime" : 60.0,
    "maxResTime" : 522.0,
    "pct1ResTime" : 505.8,
    "pct2ResTime" : 522.0,
    "pct3ResTime" : 522.0,
    "throughput" : 1.6574585635359116,
    "receivedKBytesPerSec" : 174.72936809392263,
    "sentKBytesPerSec" : 0.6496029005524862
  },
  "1A. GET Logowanie" : {
    "transaction" : "1A. GET Logowanie",
    "sampleCount" : 5,
    "errorCount" : 0,
    "errorPct" : 0.0,
    "meanResTime" : 132.8,
    "medianResTime" : 84.0,
    "minResTime" : 60.0,
    "maxResTime" : 304.0,
    "pct1ResTime" : 304.0,
    "pct2ResTime" : 304.0,
    "pct3ResTime" : 304.0,
    "throughput" : 0.6175889328063241,
    "receivedKBytesPerSec" : 5.224778246973814,
    "sentKBytesPerSec" : 0.10675121201828063
  },
  "2. GET Lista Kontrahentów" : {
    "transaction" : "2. GET Lista Kontrahentów",
    "sampleCount" : 5,
    "errorCount" : 0,
    "errorPct" : 0.0,
    "meanResTime" : 322.6,
    "medianResTime" : 305.0,
    "minResTime" : 276.0,
    "maxResTime" : 426.0,
    "pct1ResTime" : 426.0,
    "pct2ResTime" : 426.0,
    "pct3ResTime" : 426.0,
    "throughput" : 0.599592277251469,
    "receivedKBytesPerSec" : 89.32016072820481,
    "sentKBytesPerSec" : 0.15868115931166807
  },
  "1B. POST Logowanie" : {
    "transaction" : "1B. POST Logowanie",
    "sampleCount" : 5,
    "errorCount" : 0,
    "errorPct" : 0.0,
    "meanResTime" : 424.4,
    "medianResTime" : 405.0,
    "minResTime" : 327.0,
    "maxResTime" : 522.0,
    "pct1ResTime" : 522.0,
    "pct2ResTime" : 522.0,
    "pct3ResTime" : 522.0,
    "throughput" : 0.6012506012506013,
    "receivedKBytesPerSec" : 95.49785428691678,
    "sentKBytesPerSec" : 0.4438920454545454
  }
}