{
  "Total" : {
    "transaction" : "Total",
    "sampleCount" : 2960,
    "errorCount" : 20,
    "errorPct" : 0.6756757,
    "meanResTime" : 5631.979391891894,
    "medianResTime" : 963.5,
    "minResTime" : 39.0,
    "maxResTime" : 133245.0,
    "pct1ResTime" : 7805.800000000014,
    "pct2ResTime" : 36252.0,
    "pct3ResTime" : 68655.78,
    "throughput" : 22.141767152389214,
    "receivedKBytesPerSec" : 3649.7004918081075,
    "sentKBytesPerSec" : 12.322727944256606
  },
  "1A. GET Logowanie" : {
    "transaction" : "1A. GET Logowanie",
    "sampleCount" : 500,
    "errorCount" : 20,
    "errorPct" : 4.0,
    "meanResTime" : 28905.564000000006,
    "medianResTime" : 19678.5,
    "minResTime" : 528.0,
    "maxResTime" : 133245.0,
    "pct1ResTime" : 68554.7,
    "pct2ResTime" : 68721.75,
    "pct3ResTime" : 133224.9,
    "throughput" : 3.752457859898233,
    "receivedKBytesPerSec" : 30.355632450974134,
    "sentKBytesPerSec" : 0.5910121129339717
  },
  "2A. GET Formularz Faktury" : {
    "transaction" : "2A. GET Formularz Faktury",
    "sampleCount" : 500,
    "errorCount" : 0,
    "errorPct" : 0.0,
    "meanResTime" : 891.612,
    "medianResTime" : 888.0,
    "minResTime" : 55.0,
    "maxResTime" : 2456.0,
    "pct1ResTime" : 1403.7,
    "pct2ResTime" : 1649.6499999999996,
    "pct3ResTime" : 2242.3100000000004,
    "throughput" : 3.7653721317277786,
    "receivedKBytesPerSec" : 343.95047664904473,
    "sentKBytesPerSec" : 1.0406253059364858
  },
  "1B. POST Logowanie" : {
    "transaction" : "1B. POST Logowanie",
    "sampleCount" : 500,
    "errorCount" : 0,
    "errorPct" : 0.0,
    "meanResTime" : 1299.4220000000007,
    "medianResTime" : 1288.0,
    "minResTime" : 68.0,
    "maxResTime" : 3200.0,
    "pct1ResTime" : 2204.0,
    "pct2ResTime" : 2424.2999999999997,
    "pct3ResTime" : 3180.9300000000003,
    "throughput" : 3.763614876816885,
    "receivedKBytesPerSec" : 490.4311414902786,
    "sentKBytesPerSec" : 2.7667126846994
  },
  "2B. POST Utwórz Fakturę Klienta" : {
    "transaction" : "2B. POST Utwórz Fakturę Klienta",
    "sampleCount" : 500,
    "errorCount" : 0,
    "errorPct" : 0.0,
    "meanResTime" : 1125.0299999999995,
    "medianResTime" : 1179.0,
    "minResTime" : 122.0,
    "maxResTime" : 2778.0,
    "pct1ResTime" : 1518.2000000000003,
    "pct2ResTime" : 1696.6499999999996,
    "pct3ResTime" : 2329.9,
    "throughput" : 3.7669323609625267,
    "receivedKBytesPerSec" : 1405.8357551569304,
    "sentKBytesPerSec" : 4.065292532904154
  },
  "2B. POST Utwórz Fakturę Klienta-1" : {
    "transaction" : "2B. POST Utwórz Fakturę Klienta-1",
    "sampleCount" : 480,
    "errorCount" : 0,
    "errorPct" : 0.0,
    "meanResTime" : 668.7270833333341,
    "medianResTime" : 647.0,
    "minResTime" : 125.0,
    "maxResTime" : 1884.0,
    "pct1ResTime" : 986.7,
    "pct2ResTime" : 1058.55,
    "pct3ResTime" : 1231.8899999999999,
    "throughput" : 6.70681440288393,
    "receivedKBytesPerSec" : 2601.90572755837,
    "sentKBytesPerSec" : 1.8291597313431793
  },
  "2B. POST Utwórz Fakturę Klienta-0" : {
    "transaction" : "2B. POST Utwórz Fakturę Klienta-0",
    "sampleCount" : 480,
    "errorCount" : 0,
    "errorPct" : 0.0,
    "meanResTime" : 497.61666666666684,
    "medianResTime" : 457.0,
    "minResTime" : 39.0,
    "maxResTime" : 1892.0,
    "pct1ResTime" : 692.8000000000004,
    "pct2ResTime" : 945.9999999999998,
    "pct3ResTime" : 1647.6399999999999,
    "throughput" : 6.650317968327861,
    "receivedKBytesPerSec" : 3.002235931286975,
    "sentKBytesPerSec" : 5.435855604971112
  }
}