{
  "2C. POST Generuj PDF" : {
    "transaction" : "2C. POST Generuj PDF",
    "sampleCount" : 250,
    "errorCount" : 0,
    "errorPct" : 0.0,
    "meanResTime" : 1272.9720000000007,
    "medianResTime" : 1290.0,
    "minResTime" : 202.0,
    "maxResTime" : 2293.0,
    "pct1ResTime" : 1707.0,
    "pct2ResTime" : 1792.45,
    "pct3ResTime" : 2270.7200000000003,
    "throughput" : 6.9622368274479225,
    "receivedKBytesPerSec" : 2682.428907947045,
    "sentKBytesPerSec" : 3.2227541564553857
  },
  "Total" : {
    "transaction" : "Total",
    "sampleCount" : 1500,
    "errorCount" : 0,
    "errorPct" : 0.0,
    "meanResTime" : 3293.7919999999976,
    "medianResTime" : 1419.0,
    "minResTime" : 33.0,
    "maxResTime" : 36505.0,
    "pct1ResTime" : 10616.100000000628,
    "pct2ResTime" : 11580.0,
    "pct3ResTime" : 36351.99,
    "throughput" : 36.032573446395546,
    "receivedKBytesPerSec" : 9708.215938145584,
    "sentKBytesPerSec" : 13.400270094165126
  },
  "1A. GET Logowanie" : {
    "transaction" : "1A. GET Logowanie",
    "sampleCount" : 250,
    "errorCount" : 0,
    "errorPct" : 0.0,
    "meanResTime" : 12192.004000000004,
    "medianResTime" : 11429.5,
    "minResTime" : 488.0,
    "maxResTime" : 36505.0,
    "pct1ResTime" : 36295.2,
    "pct2ResTime" : 36356.9,
    "pct3ResTime" : 36439.46,
    "throughput" : 6.843502778462128,
    "receivedKBytesPerSec" : 56.919604667953244,
    "sentKBytesPerSec" : 1.122762174591443
  },
  "2B. GET Karta Faktury" : {
    "transaction" : "2B. GET Karta Faktury",
    "sampleCount" : 250,
    "errorCount" : 0,
    "errorPct" : 0.0,
    "meanResTime" : 1924.0519999999995,
    "medianResTime" : 1991.5,
    "minResTime" : 129.0,
    "maxResTime" : 3953.0,
    "pct1ResTime" : 2751.2,
    "pct2ResTime" : 2992.899999999999,
    "pct3ResTime" : 3772.2200000000007,
    "throughput" : 6.605368843796237,
    "receivedKBytesPerSec" : 2563.025204229748,
    "sentKBytesPerSec" : 1.799704987714014
  },
  "2A. GET Lista Faktur" : {
    "transaction" : "2A. GET Lista Faktur",
    "sampleCount" : 250,
    "errorCount" : 0,
    "errorPct" : 0.0,
    "meanResTime" : 2308.6080000000034,
    "medianResTime" : 2373.5,
    "minResTime" : 317.0,
    "maxResTime" : 4398.0,
    "pct1ResTime" : 3141.2000000000003,
    "pct2ResTime" : 3446.9499999999994,
    "pct3ResTime" : 3638.94,
    "throughput" : 6.378201857332381,
    "receivedKBytesPerSec" : 3388.1992153615806,
    "sentKBytesPerSec" : 1.6755237301000103
  },
  "1B. POST Logowanie" : {
    "transaction" : "1B. POST Logowanie",
    "sampleCount" : 250,
    "errorCount" : 0,
    "errorPct" : 0.0,
    "meanResTime" : 1227.5319999999986,
    "medianResTime" : 1141.5,
    "minResTime" : 178.0,
    "maxResTime" : 3228.0,
    "pct1ResTime" : 2058.4,
    "pct2ResTime" : 2246.2999999999993,
    "pct3ResTime" : 3141.3500000000013,
    "throughput" : 6.609210595886427,
    "receivedKBytesPerSec" : 918.7809083864273,
    "sentKBytesPerSec" : 4.885342588431238
  },
  "2D. GET Pobierz PDF" : {
    "transaction" : "2D. GET Pobierz PDF",
    "sampleCount" : 250,
    "errorCount" : 0,
    "errorPct" : 0.0,
    "meanResTime" : 837.5839999999995,
    "medianResTime" : 999.5,
    "minResTime" : 33.0,
    "maxResTime" : 1542.0,
    "pct1ResTime" : 1287.4,
    "pct2ResTime" : 1377.4499999999998,
    "pct3ResTime" : 1533.49,
    "throughput" : 7.295648875010943,
    "receivedKBytesPerSec" : 1201.7478322803279,
    "sentKBytesPerSec" : 2.4081341013219713
  }
}