{
  "Total" : {
    "transaction" : "Total",
    "sampleCount" : 750,
    "errorCount" : 0,
    "errorPct" : 0.0,
    "meanResTime" : 2420.3946666666666,
    "medianResTime" : 1149.0,
    "minResTime" : 193.0,
    "maxResTime" : 12384.0,
    "pct1ResTime" : 7444.0,
    "pct2ResTime" : 7658.149999999994,
    "pct3ResTime" : 11394.49,
    "throughput" : 58.474972711679406,
    "receivedKBytesPerSec" : 5381.743504405114,
    "sentKBytesPerSec" : 22.592658467176047
  },
  "1A. GET Logowanie" : {
    "transaction" : "1A. GET Logowanie",
    "sampleCount" : 250,
    "errorCount" : 0,
    "errorPct" : 0.0,
    "meanResTime" : 5039.172,
    "medianResTime" : 5316.5,
    "minResTime" : 511.0,
    "maxResTime" : 12384.0,
    "pct1ResTime" : 11349.8,
    "pct2ResTime" : 11380.0,
    "pct3ResTime" : 11405.0,
    "throughput" : 20.123963615873784,
    "receivedKBytesPerSec" : 167.37540751026322,
    "sentKBytesPerSec" : 3.3015877807292924
  },
  "2. GET Lista Kontrahentów" : {
    "transaction" : "2. GET Lista Kontrahentów",
    "sampleCount" : 250,
    "errorCount" : 0,
    "errorPct" : 0.0,
    "meanResTime" : 1223.6400000000012,
    "medianResTime" : 1149.0,
    "minResTime" : 209.0,
    "maxResTime" : 2820.0,
    "pct1ResTime" : 2036.6000000000001,
    "pct2ResTime" : 2160.2999999999997,
    "pct3ResTime" : 2750.820000000001,
    "throughput" : 21.429795988342192,
    "receivedKBytesPerSec" : 2759.568906169638,
    "sentKBytesPerSec" : 5.48301420795474
  },
  "1B. POST Logowanie" : {
    "transaction" : "1B. POST Logowanie",
    "sampleCount" : 250,
    "errorCount" : 0,
    "errorPct" : 0.0,
    "meanResTime" : 998.3720000000003,
    "medianResTime" : 771.0,
    "minResTime" : 193.0,
    "maxResTime" : 2648.0,
    "pct1ResTime" : 2003.0,
    "pct2ResTime" : 2158.999999999999,
    "pct3ResTime" : 2469.760000000002,
    "throughput" : 20.752054453390887,
    "receivedKBytesPerSec" : 2884.851551475471,
    "sentKBytesPerSec" : 15.33933500041504
  }
}