{
  "2. GET Lista Asortymentu Magazyn" : {
    "transaction" : "2. GET Lista Asortymentu Magazyn",
    "sampleCount" : 250,
    "errorCount" : 0,
    "errorPct" : 0.0,
    "meanResTime" : 687.7079999999996,
    "medianResTime" : 615.5,
    "minResTime" : 62.0,
    "maxResTime" : 1920.0,
    "pct1ResTime" : 1457.4,
    "pct2ResTime" : 1699.1999999999998,
    "pct3ResTime" : 1850.1700000000003,
    "throughput" : 20.383204239706483,
    "receivedKBytesPerSec" : 1031.2821672441908,
    "sentKBytesPerSec" : 5.33466673461068
  },
  "Total" : {
    "transaction" : "Total",
    "sampleCount" : 750,
    "errorCount" : 0,
    "errorPct" : 0.0,
    "meanResTime" : 2185.268000000003,
    "medianResTime" : 982.5,
    "minResTime" : 62.0,
    "maxResTime" : 11618.0,
    "pct1ResTime" : 5458.8,
    "pct2ResTime" : 11552.45,
    "pct3ResTime" : 11595.49,
    "throughput" : 56.17977528089887,
    "receivedKBytesPerSec" : 3706.502516385768,
    "sentKBytesPerSec" : 21.8156015917603
  },
  "1A. GET Logowanie" : {
    "transaction" : "1A. GET Logowanie",
    "sampleCount" : 250,
    "errorCount" : 0,
    "errorPct" : 0.0,
    "meanResTime" : 4868.955999999996,
    "medianResTime" : 5224.5,
    "minResTime" : 727.0,
    "maxResTime" : 11618.0,
    "pct1ResTime" : 11567.7,
    "pct2ResTime" : 11588.0,
    "pct3ResTime" : 11608.41,
    "throughput" : 21.518333620244448,
    "receivedKBytesPerSec" : 178.97537764675502,
    "sentKBytesPerSec" : 3.5303516095713547
  },
  "1B. POST Logowanie" : {
    "transaction" : "1B. POST Logowanie",
    "sampleCount" : 250,
    "errorCount" : 0,
    "errorPct" : 0.0,
    "meanResTime" : 999.1399999999995,
    "medianResTime" : 886.0,
    "minResTime" : 168.0,
    "maxResTime" : 2083.0,
    "pct1ResTime" : 1814.9,
    "pct2ResTime" : 1957.35,
    "pct3ResTime" : 2079.4700000000003,
    "throughput" : 20.019218449711726,
    "receivedKBytesPerSec" : 2782.9754063901346,
    "sentKBytesPerSec" : 14.797643237508009
  }
}