{
  "2A. GET Formularz Kontrahenta" : {
    "transaction" : "2A. GET Formularz Kontrahenta",
    "sampleCount" : 250,
    "errorCount" : 0,
    "errorPct" : 0.0,
    "meanResTime" : 1078.7639999999997,
    "medianResTime" : 584.5,
    "minResTime" : 29.0,
    "maxResTime" : 2768.0,
    "pct1ResTime" : 2237.0,
    "pct2ResTime" : 2361.0499999999997,
    "pct3ResTime" : 2643.700000000001,
    "throughput" : 1.8032443973196575,
    "receivedKBytesPerSec" : 381.98441636191836,
    "sentKBytesPerSec" : 0.4860307164650639
  },
  "2B. POST Dodaj Kontrahenta" : {
    "transaction" : "2B. POST Dodaj Kontrahenta",
    "sampleCount" : 250,
    "errorCount" : 0,
    "errorPct" : 0.0,
    "meanResTime" : 497.856,
    "medianResTime" : 446.0,
    "minResTime" : 28.0,
    "maxResTime" : 1530.0,
    "pct1ResTime" : 1173.9,
    "pct2ResTime" : 1259.35,
    "pct3ResTime" : 1448.94,
    "throughput" : 1.8319044478639994,
    "receivedKBytesPerSec" : 7.662126405986664,
    "sentKBytesPerSec" : 1.5760818540704917
  },
  "Total" : {
    "transaction" : "Total",
    "sampleCount" : 1000,
    "errorCount" : 105,
    "errorPct" : 10.5,
    "meanResTime" : 16395.237000000026,
    "medianResTime" : 662.0,
    "minResTime" : 28.0,
    "maxResTime" : 136307.0,
    "pct1ResTime" : 136278.0,
    "pct2ResTime" : 136286.0,
    "pct3ResTime" : 136301.99,
    "throughput" : 7.166147121000394,
    "receivedKBytesPerSec" : 541.4638870973522,
    "sentKBytesPerSec" : 3.4395966578881367
  },
  "1A. GET Logowanie" : {
    "transaction" : "1A. GET Logowanie",
    "sampleCount" : 250,
    "errorCount" : 105,
    "errorPct" : 42.0,
    "meanResTime" : 62240.56,
    "medianResTime" : 9363.0,
    "minResTime" : 454.0,
    "maxResTime" : 136307.0,
    "pct1ResTime" : 136293.0,
    "pct2ResTime" : 136299.45,
    "pct3ResTime" : 136303.49,
    "throughput" : 1.8340816386418992,
    "receivedKBytesPerSec" : 10.893785810443996,
    "sentKBytesPerSec" : 0.17452433092701825
  },
  "1B. POST Logowanie" : {
    "transaction" : "1B. POST Logowanie",
    "sampleCount" : 250,
    "errorCount" : 0,
    "errorPct" : 0.0,
    "meanResTime" : 1763.768,
    "medianResTime" : 649.0,
    "minResTime" : 113.0,
    "maxResTime" : 18397.0,
    "pct1ResTime" : 2677.4000000000005,
    "pct2ResTime" : 3160.0499999999997,
    "pct3ResTime" : 18335.18,
    "throughput" : 1.7989105797529017,
    "receivedKBytesPerSec" : 144.417117556108,
    "sentKBytesPerSec" : 1.2500179891057974
  }
}