{
  "2B. POST Dodaj Wydarzenie" : {
    "transaction" : "2B. POST Dodaj Wydarzenie",
    "sampleCount" : 500,
    "errorCount" : 0,
    "errorPct" : 0.0,
    "meanResTime" : 2047.5699999999997,
    "medianResTime" : 1865.0,
    "minResTime" : 321.0,
    "maxResTime" : 6764.0,
    "pct1ResTime" : 2451.9000000000005,
    "pct2ResTime" : 4914.749999999999,
    "pct3ResTime" : 6135.810000000001,
    "throughput" : 6.681633525764379,
    "receivedKBytesPerSec" : 2411.9034319166603,
    "sentKBytesPerSec" : 6.464950238534318
  },
  "2A. GET Formularz Wydarzenia" : {
    "transaction" : "2A. GET Formularz Wydarzenia",
    "sampleCount" : 500,
    "errorCount" : 0,
    "errorPct" : 0.0,
    "meanResTime" : 1627.5240000000015,
    "medianResTime" : 1533.0,
    "minResTime" : 377.0,
    "maxResTime" : 6865.0,
    "pct1ResTime" : 2044.3000000000002,
    "pct2ResTime" : 2441.5,
    "pct3ResTime" : 5428.060000000001,
    "throughput" : 6.6039729501267965,
    "receivedKBytesPerSec" : 2088.8016508075007,
    "sentKBytesPerSec" : 1.8057738535502958
  },
  "Total" : {
    "transaction" : "Total",
    "sampleCount" : 3000,
    "errorCount" : 0,
    "errorPct" : 0.0,
    "meanResTime" : 4892.523666666667,
    "medianResTime" : 1438.0,
    "minResTime" : 87.0,
    "maxResTime" : 68817.0,
    "pct1ResTime" : 11491.0,
    "pct2ResTime" : 36103.75,
    "pct3ResTime" : 68440.99,
    "throughput" : 38.54505274248051,
    "receivedKBytesPerSec" : 7616.212756846565,
    "sentKBytesPerSec" : 19.991908550256323
  },
  "1A. GET Logowanie" : {
    "transaction" : "1A. GET Logowanie",
    "sampleCount" : 500,
    "errorCount" : 0,
    "errorPct" : 0.0,
    "meanResTime" : 22358.88599999999,
    "medianResTime" : 19642.0,
    "minResTime" : 547.0,
    "maxResTime" : 68817.0,
    "pct1ResTime" : 68344.7,
    "pct2ResTime" : 68460.7,
    "pct3ResTime" : 68580.97,
    "throughput" : 7.257526054518536,
    "receivedKBytesPerSec" : 60.346711864422154,
    "sentKBytesPerSec" : 1.190687868319447
  },
  "1B. POST Logowanie" : {
    "transaction" : "1B. POST Logowanie",
    "sampleCount" : 500,
    "errorCount" : 0,
    "errorPct" : 0.0,
    "meanResTime" : 1273.8539999999996,
    "medianResTime" : 1278.5,
    "minResTime" : 182.0,
    "maxResTime" : 2841.0,
    "pct1ResTime" : 2039.7,
    "pct2ResTime" : 2233.3999999999996,
    "pct3ResTime" : 2694.94,
    "throughput" : 7.0496009925838194,
    "receivedKBytesPerSec" : 979.8587667516143,
    "sentKBytesPerSec" : 5.212050896356766
  },
  "2B. POST Dodaj Wydarzenie-1" : {
    "transaction" : "2B. POST Dodaj Wydarzenie-1",
    "sampleCount" : 500,
    "errorCount" : 0,
    "errorPct" : 0.0,
    "meanResTime" : 1250.792,
    "medianResTime" : 1038.0,
    "minResTime" : 214.0,
    "maxResTime" : 5651.0,
    "pct1ResTime" : 1616.400000000001,
    "pct2ResTime" : 4148.299999999999,
    "pct3ResTime" : 5394.250000000001,
    "throughput" : 6.8105972893822795,
    "receivedKBytesPerSec" : 2455.3102306877,
    "sentKBytesPerSec" : 1.9287824354695906
  },
  "2B. POST Dodaj Wydarzenie-0" : {
    "transaction" : "2B. POST Dodaj Wydarzenie-0",
    "sampleCount" : 500,
    "errorCount" : 0,
    "errorPct" : 0.0,
    "meanResTime" : 796.5160000000005,
    "medianResTime" : 755.5,
    "minResTime" : 87.0,
    "maxResTime" : 2841.0,
    "pct1ResTime" : 1237.4,
    "pct2ResTime" : 1360.0,
    "pct3ResTime" : 2152.3800000000006,
    "throughput" : 6.74854906195168,
    "receivedKBytesPerSec" : 3.1172497131866646,
    "sentKBytesPerSec" : 4.6184855412336345
  }
}