{
  "Total" : {
    "transaction" : "Total",
    "sampleCount" : 2500,
    "errorCount" : 0,
    "errorPct" : 0.0,
    "meanResTime" : 3608.632000000004,
    "medianResTime" : 921.0,
    "minResTime" : 24.0,
    "maxResTime" : 36852.0,
    "pct1ResTime" : 11467.7,
    "pct2ResTime" : 20205.199999999997,
    "pct3ResTime" : 36491.799999999996,
    "throughput" : 64.41638752898737,
    "receivedKBytesPerSec" : 2120.0486192749936,
    "sentKBytesPerSec" : 25.0756389300438
  },
  "1A. GET Logowanie" : {
    "transaction" : "1A. GET Logowanie",
    "sampleCount" : 500,
    "errorCount" : 0,
    "errorPct" : 0.0,
    "meanResTime" : 14822.137999999994,
    "medianResTime" : 11466.5,
    "minResTime" : 496.0,
    "maxResTime" : 36852.0,
    "pct1ResTime" : 36221.3,
    "pct2ResTime" : 36491.0,
    "pct3ResTime" : 36588.83,
    "throughput" : 13.551971811898632,
    "receivedKBytesPerSec" : 112.71638158117631,
    "sentKBytesPerSec" : 2.223370375389619
  },
  "1B. POST Logowanie" : {
    "transaction" : "1B. POST Logowanie",
    "sampleCount" : 500,
    "errorCount" : 0,
    "errorPct" : 0.0,
    "meanResTime" : 1290.9459999999992,
    "medianResTime" : 1330.0,
    "minResTime" : 224.0,
    "maxResTime" : 2213.0,
    "pct1ResTime" : 1856.7,
    "pct2ResTime" : 1941.85,
    "pct3ResTime" : 2086.91,
    "throughput" : 13.134391089629084,
    "receivedKBytesPerSec" : 1825.7660941440317,
    "sentKBytesPerSec" : 9.71077865595776
  },
  "2. GET Wyloguj" : {
    "transaction" : "2. GET Wyloguj",
    "sampleCount" : 500,
    "errorCount" : 0,
    "errorPct" : 0.0,
    "meanResTime" : 965.0920000000007,
    "medianResTime" : 904.0,
    "minResTime" : 120.0,
    "maxResTime" : 2284.0,
    "pct1ResTime" : 1750.9,
    "pct2ResTime" : 1975.95,
    "pct3ResTime" : 2202.8900000000003,
    "throughput" : 13.256621682530424,
    "receivedKBytesPerSec" : 114.23432860182412,
    "sentKBytesPerSec" : 6.9131210727258265
  },
  "2. GET Wyloguj-1" : {
    "transaction" : "2. GET Wyloguj-1",
    "sampleCount" : 500,
    "errorCount" : 0,
    "errorPct" : 0.0,
    "meanResTime" : 190.76000000000008,
    "medianResTime" : 154.5,
    "minResTime" : 24.0,
    "maxResTime" : 804.0,
    "pct1ResTime" : 416.7000000000001,
    "pct2ResTime" : 570.8499999999999,
    "pct3ResTime" : 653.9000000000001,
    "throughput" : 13.853869385719431,
    "receivedKBytesPerSec" : 113.45512688412623,
    "sentKBytesPerSec" : 3.449938177107866
  },
  "2. GET Wyloguj-0" : {
    "transaction" : "2. GET Wyloguj-0",
    "sampleCount" : 500,
    "errorCount" : 0,
    "errorPct" : 0.0,
    "meanResTime" : 774.224,
    "medianResTime" : 773.0,
    "minResTime" : 56.0,
    "maxResTime" : 1945.0,
    "pct1ResTime" : 1474.4,
    "pct2ResTime" : 1595.75,
    "pct3ResTime" : 1793.88,
    "throughput" : 13.26576636332281,
    "receivedKBytesPerSec" : 5.674224284311904,
    "sentKBytesPerSec" : 3.614403140006898
  }
}