{
  "Total" : {
    "transaction" : "Total",
    "sampleCount" : 1500,
    "errorCount" : 0,
    "errorPct" : 0.0,
    "meanResTime" : 1995.9473333333349,
    "medianResTime" : 952.0,
    "minResTime" : 38.0,
    "maxResTime" : 19690.0,
    "pct1ResTime" : 6832.400000000376,
    "pct2ResTime" : 7483.6,
    "pct3ResTime" : 19595.94,
    "throughput" : 67.11709696183274,
    "receivedKBytesPerSec" : 11359.505126767417,
    "sentKBytesPerSec" : 37.577621621772785
  },
  "1A. GET Logowanie" : {
    "transaction" : "1A. GET Logowanie",
    "sampleCount" : 250,
    "errorCount" : 0,
    "errorPct" : 0.0,
    "meanResTime" : 7053.064,
    "medianResTime" : 7325.5,
    "minResTime" : 502.0,
    "maxResTime" : 19690.0,
    "pct1ResTime" : 19548.4,
    "pct2ResTime" : 19604.15,
    "pct3ResTime" : 19662.96,
    "throughput" : 12.691643821707787,
    "receivedKBytesPerSec" : 105.56066526424003,
    "sentKBytesPerSec" : 2.082222814498934
  },
  "2A. GET Formularz Faktury" : {
    "transaction" : "2A. GET Formularz Faktury",
    "sampleCount" : 250,
    "errorCount" : 0,
    "errorPct" : 0.0,
    "meanResTime" : 871.5720000000001,
    "medianResTime" : 846.5,
    "minResTime" : 53.0,
    "maxResTime" : 1950.0,
    "pct1ResTime" : 1341.8,
    "pct2ResTime" : 1532.4999999999995,
    "pct3ResTime" : 1766.6400000000012,
    "throughput" : 12.216575449569977,
    "receivedKBytesPerSec" : 1158.4371487734559,
    "sentKBytesPerSec" : 3.376260597879203
  },
  "1B. POST Logowanie" : {
    "transaction" : "1B. POST Logowanie",
    "sampleCount" : 250,
    "errorCount" : 0,
    "errorPct" : 0.0,
    "meanResTime" : 1146.431999999999,
    "medianResTime" : 1182.0,
    "minResTime" : 169.0,
    "maxResTime" : 2098.0,
    "pct1ResTime" : 1782.8,
    "pct2ResTime" : 1935.9,
    "pct3ResTime" : 2056.33,
    "throughput" : 12.107710189848897,
    "receivedKBytesPerSec" : 1639.691098260122,
    "sentKBytesPerSec" : 8.949678842987215
  },
  "2B. POST Utwórz Fakturę Klienta" : {
    "transaction" : "2B. POST Utwórz Fakturę Klienta",
    "sampleCount" : 250,
    "errorCount" : 0,
    "errorPct" : 0.0,
    "meanResTime" : 1452.3600000000004,
    "medianResTime" : 1478.0,
    "minResTime" : 182.0,
    "maxResTime" : 3110.0,
    "pct1ResTime" : 2094.5,
    "pct2ResTime" : 2262.35,
    "pct3ResTime" : 2499.33,
    "throughput" : 12.747947580439549,
    "receivedKBytesPerSec" : 4952.109695690556,
    "sentKBytesPerSec" : 13.893270995869665
  },
  "2B. POST Utwórz Fakturę Klienta-1" : {
    "transaction" : "2B. POST Utwórz Fakturę Klienta-1",
    "sampleCount" : 250,
    "errorCount" : 0,
    "errorPct" : 0.0,
    "meanResTime" : 984.2160000000005,
    "medianResTime" : 860.0,
    "minResTime" : 135.0,
    "maxResTime" : 2568.0,
    "pct1ResTime" : 1673.7,
    "pct2ResTime" : 1867.6999999999998,
    "pct3ResTime" : 2068.8100000000004,
    "throughput" : 13.32693640385948,
    "receivedKBytesPerSec" : 5171.01286174303,
    "sentKBytesPerSec" : 3.6310695865984326
  },
  "2B. POST Utwórz Fakturę Klienta-0" : {
    "transaction" : "2B. POST Utwórz Fakturę Klienta-0",
    "sampleCount" : 250,
    "errorCount" : 0,
    "errorPct" : 0.0,
    "meanResTime" : 468.04,
    "medianResTime" : 459.0,
    "minResTime" : 38.0,
    "maxResTime" : 955.0,
    "pct1ResTime" : 701.8,
    "pct2ResTime" : 815.8,
    "pct3ResTime" : 944.8800000000001,
    "throughput" : 12.925908691381004,
    "receivedKBytesPerSec" : 5.8318064603691635,
    "sentKBytesPerSec" : 10.565415600279199
  }
}