{
  "2A. GET Formularz Oferty" : {
    "transaction" : "2A. GET Formularz Oferty",
    "sampleCount" : 250,
    "errorCount" : 0,
    "errorPct" : 0.0,
    "meanResTime" : 857.5759999999999,
    "medianResTime" : 744.0,
    "minResTime" : 349.0,
    "maxResTime" : 2347.0,
    "pct1ResTime" : 1552.6000000000001,
    "pct2ResTime" : 1837.6999999999994,
    "pct3ResTime" : 2137.29,
    "throughput" : 20.868113522537563,
    "receivedKBytesPerSec" : 1843.4933874165274,
    "sentKBytesPerSec" : 5.706124791318865
  },
  "2B. POST Utwórz Ofertę Handlową-0" : {
    "transaction" : "2B. POST Utwórz Ofertę Handlową-0",
    "sampleCount" : 250,
    "errorCount" : 0,
    "errorPct" : 0.0,
    "meanResTime" : 709.296,
    "medianResTime" : 691.0,
    "minResTime" : 349.0,
    "maxResTime" : 1316.0,
    "pct1ResTime" : 1043.9,
    "pct2ResTime" : 1089.6999999999998,
    "pct3ResTime" : 1275.2500000000002,
    "throughput" : 23.02025782688766,
    "receivedKBytesPerSec" : 10.243205427025783,
    "sentKBytesPerSec" : 19.872956952117864
  },
  "2B. POST Utwórz Ofertę Handlową-1" : {
    "transaction" : "2B. POST Utwórz Ofertę Handlową-1",
    "sampleCount" : 250,
    "errorCount" : 0,
    "errorPct" : 0.0,
    "meanResTime" : 977.7160000000002,
    "medianResTime" : 979.5,
    "minResTime" : 464.0,
    "maxResTime" : 1401.0,
    "pct1ResTime" : 1233.7,
    "pct2ResTime" : 1279.7499999999998,
    "pct3ResTime" : 1376.7800000000002,
    "throughput" : 23.296990028888267,
    "receivedKBytesPerSec" : 9078.990901797362,
    "sentKBytesPerSec" : 6.2029145990588015
  },
  "Total" : {
    "transaction" : "Total",
    "sampleCount" : 1500,
    "errorCount" : 0,
    "errorPct" : 0.0,
    "meanResTime" : 1916.176000000002,
    "medianResTime" : 985.0,
    "minResTime" : 207.0,
    "maxResTime" : 11519.0,
    "pct1ResTime" : 6860.900000000413,
    "pct2ResTime" : 11383.0,
    "pct3ResTime" : 11480.98,
    "throughput" : 100.90138571236379,
    "receivedKBytesPerSec" : 17024.48711089903,
    "sentKBytesPerSec" : 57.77852461152967
  },
  "1A. GET Logowanie" : {
    "transaction" : "1A. GET Logowanie",
    "sampleCount" : 250,
    "errorCount" : 0,
    "errorPct" : 0.0,
    "meanResTime" : 6124.511999999996,
    "medianResTime" : 7383.5,
    "minResTime" : 541.0,
    "maxResTime" : 11519.0,
    "pct1ResTime" : 11459.6,
    "pct2ResTime" : 11482.0,
    "pct3ResTime" : 11510.96,
    "throughput" : 21.673168617251843,
    "receivedKBytesPerSec" : 180.26302421976592,
    "sentKBytesPerSec" : 3.5557542262678803
  },
  "1B. POST Logowanie" : {
    "transaction" : "1B. POST Logowanie",
    "sampleCount" : 250,
    "errorCount" : 0,
    "errorPct" : 0.0,
    "meanResTime" : 1140.836,
    "medianResTime" : 896.5,
    "minResTime" : 207.0,
    "maxResTime" : 2783.0,
    "pct1ResTime" : 2295.2000000000003,
    "pct2ResTime" : 2495.8999999999996,
    "pct3ResTime" : 2713.4600000000005,
    "throughput" : 20.36493971977843,
    "receivedKBytesPerSec" : 2757.0752255417074,
    "sentKBytesPerSec" : 15.053190676930596
  },
  "2B. POST Utwórz Ofertę Handlową" : {
    "transaction" : "2B. POST Utwórz Ofertę Handlową",
    "sampleCount" : 250,
    "errorCount" : 0,
    "errorPct" : 0.0,
    "meanResTime" : 1687.1199999999992,
    "medianResTime" : 1665.5,
    "minResTime" : 919.0,
    "maxResTime" : 2400.0,
    "pct1ResTime" : 2138.9,
    "pct2ResTime" : 2223.15,
    "pct3ResTime" : 2378.78,
    "throughput" : 22.077004592016955,
    "receivedKBytesPerSec" : 8613.378009371689,
    "sentKBytesPerSec" : 24.936752831375838
  }
}