{
  "2B. POST Dodaj Produkt (Uszczelka)-1" : {
    "transaction" : "2B. POST Dodaj Produkt (Uszczelka)-1",
    "sampleCount" : 249,
    "errorCount" : 0,
    "errorPct" : 0.0,
    "meanResTime" : 232.5582329317269,
    "medianResTime" : 228.0,
    "minResTime" : 55.0,
    "maxResTime" : 539.0,
    "pct1ResTime" : 302.0,
    "pct2ResTime" : 365.0,
    "pct3ResTime" : 532.0,
    "throughput" : 25.88626676369685,
    "receivedKBytesPerSec" : 1651.038959351284,
    "sentKBytesPerSec" : 7.204673855130471
  },
  "Total" : {
    "transaction" : "Total",
    "sampleCount" : 1498,
    "errorCount" : 0,
    "errorPct" : 0.0,
    "meanResTime" : 1522.3097463284366,
    "medianResTime" : 613.5,
    "minResTime" : 37.0,
    "maxResTime" : 11481.0,
    "pct1ResTime" : 7309.0,
    "pct2ResTime" : 7504.599999999999,
    "pct3ResTime" : 11373.0,
    "throughput" : 111.35890573892358,
    "receivedKBytesPerSec" : 9257.198700123588,
    "sentKBytesPerSec" : 69.66472515703984
  },
  "1A. GET Logowanie" : {
    "transaction" : "1A. GET Logowanie",
    "sampleCount" : 250,
    "errorCount" : 0,
    "errorPct" : 0.0,
    "meanResTime" : 5715.575999999999,
    "medianResTime" : 7396.0,
    "minResTime" : 558.0,
    "maxResTime" : 11481.0,
    "pct1ResTime" : 11352.9,
    "pct2ResTime" : 11377.45,
    "pct3ResTime" : 11425.94,
    "throughput" : 21.66565560273854,
    "receivedKBytesPerSec" : 180.20070521708988,
    "sentKBytesPerSec" : 3.5545216223242915
  },
  "2A. GET Formularz Produktu" : {
    "transaction" : "2A. GET Formularz Produktu",
    "sampleCount" : 250,
    "errorCount" : 0,
    "errorPct" : 0.0,
    "meanResTime" : 1129.119999999999,
    "medianResTime" : 1069.5,
    "minResTime" : 384.0,
    "maxResTime" : 1992.0,
    "pct1ResTime" : 1717.7000000000003,
    "pct2ResTime" : 1825.9499999999998,
    "pct3ResTime" : 1954.1500000000003,
    "throughput" : 20.42483660130719,
    "receivedKBytesPerSec" : 4672.0664030586195,
    "sentKBytesPerSec" : 5.505131740196078
  },
  "2B. POST Dodaj Produkt (Uszczelka)" : {
    "transaction" : "2B. POST Dodaj Produkt (Uszczelka)",
    "sampleCount" : 250,
    "errorCount" : 0,
    "errorPct" : 0.0,
    "meanResTime" : 549.5199999999994,
    "medianResTime" : 479.0,
    "minResTime" : 184.0,
    "maxResTime" : 1953.0,
    "pct1ResTime" : 792.8,
    "pct2ResTime" : 917.5999999999997,
    "pct3ResTime" : 1691.49,
    "throughput" : 22.916857640480337,
    "receivedKBytesPerSec" : 1487.6513944907874,
    "sentKBytesPerSec" : 29.56050838184068
  },
  "1B. POST Logowanie" : {
    "transaction" : "1B. POST Logowanie",
    "sampleCount" : 250,
    "errorCount" : 0,
    "errorPct" : 0.0,
    "meanResTime" : 1180.3680000000002,
    "medianResTime" : 1238.0,
    "minResTime" : 218.0,
    "maxResTime" : 2435.0,
    "pct1ResTime" : 1971.5,
    "pct2ResTime" : 2063.9,
    "pct3ResTime" : 2423.37,
    "throughput" : 20.674826331458817,
    "receivedKBytesPerSec" : 2732.2588992205588,
    "sentKBytesPerSec" : 15.282250144723784
  },
  "2B. POST Dodaj Produkt (Uszczelka)-0" : {
    "transaction" : "2B. POST Dodaj Produkt (Uszczelka)-0",
    "sampleCount" : 249,
    "errorCount" : 0,
    "errorPct" : 0.0,
    "meanResTime" : 316.7349397590362,
    "medianResTime" : 237.0,
    "minResTime" : 37.0,
    "maxResTime" : 1479.0,
    "pct1ResTime" : 517.0,
    "pct2ResTime" : 629.5,
    "pct3ResTime" : 1174.5,
    "throughput" : 23.20812750489328,
    "receivedKBytesPerSec" : 10.606839523720758,
    "sentKBytesPerSec" : 23.502761936107746
  }
}